WEO Country Code,ISO,Country,Subject Descriptor,Units,Scale,Country/Series-specific Notes,2018,2019,2020,Estimates Start After
512,AFG,Afghanistan,"Gross domestic product per capita, constant prices",Purchasing power parity; 2017 international dollar,Units,"See notes for:  Gross domestic product, constant prices (National currency) Population (Persons).","2,078.48","2,111.25","1,961.10",2019
512,AFG,Afghanistan,Population,Persons,Millions,Source: Source: The 2012 revision to the UN World Population Prospects. Latest actual data: 2019 Primary domestic currency: Afghan Afghani Data last updated: 09/2020,36.373,37.209,38.055,2019
914,ALB,Albania,"Gross domestic product per capita, constant prices",Purchasing power parity; 2017 international dollar,Units,"See notes for:  Gross domestic product, constant prices (National currency) Population (Persons).","13,654.82","13,944.39","12,915.12",2018
914,ALB,Albania,Population,Persons,Millions,Source: National Statistics Office. INSTAT Latest actual data: 2019 Primary domestic currency: Albanian lek Data last updated: 08/2020,2.866,2.87,2.865,2019
612,DZA,Algeria,"Gross domestic product per capita, constant prices",Purchasing power parity; 2017 international dollar,Units,"See notes for:  Gross domestic product, constant prices (National currency) Population (Persons).","11,385.31","11,252.81","10,445.13",2019
612,DZA,Algeria,Population,Persons,Millions,Source: National Statistics Office Latest actual data: 2019 Primary domestic currency: Algerian dinar Data last updated: 09/2020,42.578,43.424,44.227,2019
614,AGO,Angola,"Gross domestic product per capita, constant prices",Purchasing power parity; 2017 international dollar,Units,"See notes for:  Gross domestic product, constant prices (National currency) Population (Persons).","7,363.12","7,084.32","6,602.07",2017
614,AGO,Angola,Population,Persons,Millions,Source: National Statistics Office Latest actual data: 2017 Primary domestic currency: Angolan kwanza Data last updated: 09/2020,29.25,30.128,31.031,2017
311,ATG,Antigua and Barbuda,"Gross domestic product per capita, constant prices",Purchasing power parity; 2017 international dollar,Units,"See notes for:  Gross domestic product, constant prices (National currency) Population (Persons).","21,267.02","21,652.16","17,648.97",2011
311,ATG,Antigua and Barbuda,Population,Persons,Millions,"Source: International Financial Institution. Growth rates from WDI database, but values based on 2011 census Latest actual data: 2011 Primary domestic currency: Eastern Caribbean dollar Data last updated: 09/2020",0.095,0.097,0.098,2011
213,ARG,Argentina,"Gross domestic product per capita, constant prices",Purchasing power parity; 2017 international dollar,Units,"See notes for:  Gross domestic product, constant prices (National currency) Population (Persons).","22,759.40","22,063.90","19,271.09",2019
213,ARG,Argentina,Population,Persons,Millions,Source: National Statistics Office Latest actual data: 2019 Notes: Based on the National Census of 2001 Primary domestic currency: Argentine peso Data last updated: 09/2020,44.495,44.939,45.388,2019
911,ARM,Armenia,"Gross domestic product per capita, constant prices",Purchasing power parity; 2017 international dollar,Units,"See notes for:  Gross domestic product, constant prices (National currency) Population (Persons).","12,644.05","13,601.65","12,994.72",2015
911,ARM,Armenia,Population,Persons,Millions,Source: National Statistics Office Latest actual data: 2015 Primary domestic currency: Armenian dram Data last updated: 07/2020,2.969,2.969,2.97,2015
314,ABW,Aruba,"Gross domestic product per capita, constant prices",Purchasing power parity; 2017 international dollar,Units,"See notes for:  Gross domestic product, constant prices (National currency) Population (Persons).","32,118.04","32,148.50","25,703.88",2017
314,ABW,Aruba,Population,Persons,Millions,Source: National Statistics Office Latest actual data: 2019 Primary domestic currency: Aruban Florin (Afl.) Data last updated: 09/2020,0.112,0.112,0.113,2019
193,AUS,Australia,"Gross domestic product per capita, constant prices",Purchasing power parity; 2017 international dollar,Units,"See notes for:  Gross domestic product, constant prices (National currency) Population (Persons).","50,362.27","50,586.42","48,102.65",2019
193,AUS,Australia,Population,Persons,Millions,Source: National Statistics Office. Australian Bureau of Statistics (via Haver Analytics) Latest actual data: 2019. Data refer to calendar years Primary domestic currency: Australian dollar Data last updated: 09/2020,25.172,25.522,25.724,2019
122,AUT,Austria,"Gross domestic product per capita, constant prices",Purchasing power parity; 2017 international dollar,Units,"See notes for:  Gross domestic product, constant prices (National currency) Population (Persons).","55,410.94","56,461.75","52,418.01",2019
122,AUT,Austria,Population,Persons,Millions,Source: National Statistics Office Latest actual data: 2019 Primary domestic currency: Euro Data last updated: 09/2020,8.885,8.859,8.901,2019
912,AZE,Azerbaijan,"Gross domestic product per capita, constant prices",Purchasing power parity; 2017 international dollar,Units,"See notes for:  Gross domestic product, constant prices (National currency) Population (Persons).","14,269.47","14,464.20","13,717.09",2018
912,AZE,Azerbaijan,Population,Persons,Millions,Source: National Statistics Office Latest actual data: 2018 Notes: Data prior to 2005 cannot be confirmed at this time. Primary domestic currency: Azerbaijan manat Data last updated: 09/2020,9.898,9.982,10.101,2018
313,BHS,The Bahamas,"Gross domestic product per capita, constant prices",Purchasing power parity; 2017 international dollar,Units,"See notes for:  Gross domestic product, constant prices (National currency) Population (Persons).","37,914.46","37,952.38","31,984.26",2018
313,BHS,The Bahamas,Population,Persons,Millions,Source: National Statistics Office Latest actual data: 2018 Primary domestic currency: Bahamian dollar Data last updated: 09/2020,0.377,0.381,0.385,2018
419,BHR,Bahrain,"Gross domestic product per capita, constant prices",Purchasing power parity; 2017 international dollar,Units,"See notes for:  Gross domestic product, constant prices (National currency) Population (Persons).","48,979.27","49,786.03","46,411.78",2019
419,BHR,Bahrain,Population,Persons,Millions,"Source: National Statistics Office. For data prior to 1990, the source is IFS - International Financial Statistics Latest actual data: 2019. The latest census were 2010 and 2001. Primary domestic currency: Bahrain dinar Data last updated: 08/2020",1.481,1.484,1.513,2019
513,BGD,Bangladesh,"Gross domestic product per capita, constant prices",Purchasing power parity; 2017 international dollar,Units,"See notes for:  Gross domestic product, constant prices (National currency) Population (Persons).","4,655.15","5,005.13","4,861.45",2013
513,BGD,Bangladesh,Population,Persons,Millions,Source: International Financial Institution Latest actual data: 2013 Primary domestic currency: Bangladesh taka Data last updated: 09/2020,164.877,166.586,168.312,2013
316,BRB,Barbados,"Gross domestic product per capita, constant prices",Purchasing power parity; 2017 international dollar,Units,"See notes for:  Gross domestic product, constant prices (National currency) Population (Persons).","15,685.70","15,630.64","13,782.52",2019
316,BRB,Barbados,Population,Persons,Millions,Source: National Statistics Office Latest actual data: 2019 Primary domestic currency: Barbados dollar Data last updated: 07/2020,0.286,0.287,0.288,2019
913,BLR,Belarus,"Gross domestic product per capita, constant prices",Purchasing power parity; 2017 international dollar,Units,"See notes for:  Gross domestic product, constant prices (National currency) Population (Persons).","18,868.32","19,133.18","18,693.05",2019
913,BLR,Belarus,Population,Persons,Millions,"Source: National Statistics Office. Formally, the National Statistical Committee of the Republic of Belarus Latest actual data: 2019 Primary domestic currency: Belarusian rubel Data last updated: 09/2020",9.492,9.475,9.408,2019
124,BEL,Belgium,"Gross domestic product per capita, constant prices",Purchasing power parity; 2017 international dollar,Units,"See notes for:  Gross domestic product, constant prices (National currency) Population (Persons).","51,373.97","51,836.59","47,411.52",2019
124,BEL,Belgium,Population,Persons,Millions,Source: Central Bank Latest actual data: 2019 Primary domestic currency: Euro Data last updated: 09/2020,11.399,11.456,11.49,2019
339,BLZ,Belize,"Gross domestic product per capita, constant prices",Purchasing power parity; 2017 international dollar,Units,"See notes for:  Gross domestic product, constant prices (National currency) Population (Persons).","6,850.44","6,542.54","5,387.97",2019
339,BLZ,Belize,Population,Persons,Millions,Source: National Statistics Office Latest actual data: 2019 Primary domestic currency: Belize dollar Data last updated: 09/2020,0.398,0.408,0.417,2019
638,BEN,Benin,"Gross domestic product per capita, constant prices",Purchasing power parity; 2017 international dollar,Units,"See notes for:  Gross domestic product, constant prices (National currency) Population (Persons).","3,159.20","3,283.64","3,257.60",2017
638,BEN,Benin,Population,Persons,Millions,Source: International Financial Institution Latest actual data: 2017 Primary domestic currency: CFA franc Data last updated: 09/2020,11.491,11.814,12.147,2017
514,BTN,Bhutan,"Gross domestic product per capita, constant prices",Purchasing power parity; 2017 international dollar,Units,"See notes for:  Gross domestic product, constant prices (National currency) Population (Persons).","11,197.99","11,482.64","11,407.29",2015
514,BTN,Bhutan,Population,Persons,Millions,Source: International Financial Institution. World Development Indicators Latest actual data: 2015 Primary domestic currency: Bhutanese ngultrum Data last updated: 09/2020,0.736,0.745,0.754,2015
218,BOL,Bolivia,"Gross domestic product per capita, constant prices",Purchasing power parity; 2017 international dollar,Units,"See notes for:  Gross domestic product, constant prices (National currency) Population (Persons).","8,633.84","8,696.33","7,892.34",2017
218,BOL,Bolivia,Population,Persons,Millions,Source: National Statistics Office Latest actual data: 2017 Primary domestic currency: Bolivian boliviano Data last updated: 09/2020,11.382,11.55,11.722,2017
963,BIH,Bosnia and Herzegovina,"Gross domestic product per capita, constant prices",Purchasing power parity; 2017 international dollar,Units,"See notes for:  Gross domestic product, constant prices (National currency) Population (Persons).","14,480.42","14,970.51","14,091.34",2018
963,BIH,Bosnia and Herzegovina,Population,Persons,Millions,Source: United Nations Latest actual data: 2018 Notes: No census has been taken since the 1990-s (pre-war); data estimated by national authority. Primary domestic currency: Convertible marka Data last updated: 09/2020,3.323,3.301,3.279,2018
616,BWA,Botswana,"Gross domestic product per capita, constant prices",Purchasing power parity; 2017 international dollar,Units,"See notes for:  Gross domestic product, constant prices (National currency) Population (Persons).","17,032.07","17,220.42","15,281.53",2017
616,BWA,Botswana,Population,Persons,Millions,Source: International Financial Institution. World Development Indicators Latest actual data: 2017 Primary domestic currency: Botswana pula Data last updated: 09/2020,2.334,2.377,2.42,2017
223,BRA,Brazil,"Gross domestic product per capita, constant prices",Purchasing power parity; 2017 international dollar,Units,"See notes for:  Gross domestic product, constant prices (National currency) Population (Persons).","14,664.45","14,714.55","13,777.45",2019
223,BRA,Brazil,Population,Persons,Millions,Source: National Statistics Office Latest actual data: 2019. Official population estimates and forecasts from the National Statistical Office (IBGE) for later years Primary domestic currency: Brazilian real Data last updated: 09/2020,208.495,210.147,211.422,2019
516,BRN,Brunei Darussalam,"Gross domestic product per capita, constant prices",Purchasing power parity; 2017 international dollar,Units,"See notes for:  Gross domestic product, constant prices (National currency) Population (Persons).","58,554.34","58,556.45","58,482.21",2019
516,BRN,Brunei Darussalam,Population,Persons,Millions,"Source: National Statistics Office. Department of Economic Planning and Development, Prime Minister's office. Latest actual data: 2019 Primary domestic currency: Brunei dollar Data last updated: 08/2020",0.442,0.46,0.461,2019
918,BGR,Bulgaria,"Gross domestic product per capita, constant prices",Purchasing power parity; 2017 international dollar,Units,"See notes for:  Gross domestic product, constant prices (National currency) Population (Persons).","22,348.30","23,263.19","22,460.68",2019
918,BGR,Bulgaria,Population,Persons,Millions,Source: National Statistics Office Latest actual data: 2019 Primary domestic currency: Bulgarian lev Data last updated: 09/2020,7,6.951,6.912,2019
748,BFA,Burkina Faso,"Gross domestic product per capita, constant prices",Purchasing power parity; 2017 international dollar,Units,"See notes for:  Gross domestic product, constant prices (National currency) Population (Persons).","2,131.57","2,189.15","2,084.02",2018
748,BFA,Burkina Faso,Population,Persons,Millions,Source: International Financial Institution Latest actual data: 2018 Primary domestic currency: CFA franc Data last updated: 09/2020,19.752,20.326,20.917,2018
618,BDI,Burundi,"Gross domestic product per capita, constant prices",Purchasing power parity; 2017 international dollar,Units,"See notes for:  Gross domestic product, constant prices (National currency) Population (Persons).",797.652,788.1,740.323,2015
618,BDI,Burundi,Population,Persons,Millions,Source: International Financial Institution Latest actual data: 2016 Primary domestic currency: Burundi franc Data last updated: 09/2020,11.193,11.529,11.875,2016
624,CPV,Cabo Verde,"Gross domestic product per capita, constant prices",Purchasing power parity; 2017 international dollar,Units,"See notes for:  Gross domestic product, constant prices (National currency) Population (Persons).","6,864.06","7,167.69","6,603.68",2018
624,CPV,Cabo Verde,Population,Persons,Millions,Source: National Statistics Office Latest actual data: 2018 Primary domestic currency: Cabo Verde escudo Data last updated: 08/2020,0.544,0.55,0.557,2018
522,KHM,Cambodia,"Gross domestic product per capita, constant prices",Purchasing power parity; 2017 international dollar,Units,"See notes for:  Gross domestic product, constant prices (National currency) Population (Persons).","4,158.22","4,385.38","4,201.51",2018
522,KHM,Cambodia,Population,Persons,Millions,Source: National Statistics Office Latest actual data: 2019 Primary domestic currency: Cambodian riel Data last updated: 07/2020,16.25,16.494,16.741,2019
622,CMR,Cameroon,"Gross domestic product per capita, constant prices",Purchasing power parity; 2017 international dollar,Units,"See notes for:  Gross domestic product, constant prices (National currency) Population (Persons).","3,651.63","3,699.91","3,509.73",2010
622,CMR,Cameroon,Population,Persons,Millions,Source: National Statistics Office Latest actual data: 2010 Primary domestic currency: CFA franc Data last updated: 09/2020,24.884,25.506,26.144,2010
156,CAN,Canada,"Gross domestic product per capita, constant prices",Purchasing power parity; 2017 international dollar,Units,"See notes for:  Gross domestic product, constant prices (National currency) Population (Persons).","49,009.05","49,113.11","45,003.36",2019
156,CAN,Canada,Population,Persons,Millions,Source: National Statistics Office Latest actual data: 2019 Primary domestic currency: Canadian dollar Data last updated: 09/2020,36.994,37.527,38.029,2019
626,CAF,Central African Republic,"Gross domestic product per capita, constant prices",Purchasing power parity; 2017 international dollar,Units,"See notes for:  Gross domestic product, constant prices (National currency) Population (Persons).",933.458,945.181,919.668,2004
626,CAF,Central African Republic,Population,Persons,Millions,Source: Other Latest actual data: 2004. IMF projections Primary domestic currency: CFA franc Data last updated: 09/2020,4.666,4.745,4.83,2004
628,TCD,Chad,"Gross domestic product per capita, constant prices",Purchasing power parity; 2017 international dollar,Units,"See notes for:  Gross domestic product, constant prices (National currency) Population (Persons).","1,588.15","1,587.07","1,530.53",2017
628,TCD,Chad,Population,Persons,Millions,Source: United Nations World Population Prospects (2019) Latest actual data: Latest actual data is 2004 Primary domestic currency: CFA franc Data last updated: 08/2020,15.478,15.947,16.426,
228,CHL,Chile,"Gross domestic product per capita, constant prices",Purchasing power parity; 2017 international dollar,Units,"See notes for:  Gross domestic product, constant prices (National currency) Population (Persons).","24,225.60","24,040.39","22,190.01",2019
228,CHL,Chile,Population,Persons,Millions,Source: National Statistics Office Latest actual data: 2019. Date of last census was 2014. Primary domestic currency: Chilean peso Data last updated: 09/2020,18.751,19.107,19.458,2019
924,CHN,China,"Gross domestic product per capita, constant prices",Purchasing power parity; 2017 international dollar,Units,"See notes for:  Gross domestic product, constant prices (National currency) Population (Persons).","15,158.21","16,030.74","16,277.74",2018
924,CHN,China,Population,Persons,Millions,Source: National Statistics Office. Data retrieved from CEIC Latest actual data: 2018 Primary domestic currency: Chinese yuan Data last updated: 09/2020,"1,395.38","1,400.05","1,404.33",2018
233,COL,Colombia,"Gross domestic product per capita, constant prices",Purchasing power parity; 2017 international dollar,Units,"See notes for:  Gross domestic product, constant prices (National currency) Population (Persons).","14,401.80","14,711.93","13,374.44",2019
233,COL,Colombia,Population,Persons,Millions,Source: National Statistics Office Latest actual data: 2019 Primary domestic currency: Colombian peso Data last updated: 08/2020,49.834,50.374,50.878,2019
632,COM,Comoros,"Gross domestic product per capita, constant prices",Purchasing power parity; 2017 international dollar,Units,"See notes for:  Gross domestic product, constant prices (National currency) Population (Persons).","3,006.67","2,982.01","2,851.13",2015
632,COM,Comoros,Population,Persons,Millions,Source: IMF Staff Estimates Latest actual data: 2015 Primary domestic currency: Comorian franc Data last updated: 08/2020,0.851,0.874,0.897,2015
636,COD,Democratic Republic of the Congo,"Gross domestic product per capita, constant prices",Purchasing power parity; 2017 international dollar,Units,"See notes for:  Gross domestic product, constant prices (National currency) Population (Persons).",960.599,973.473,924.797,2019
636,COD,Democratic Republic of the Congo,Population,Persons,Millions,Source: UN Population Latest actual data: 2019 Notes: There has not been a census since 1983. Primary domestic currency: Congo franc Data last updated: 08/2020,95.028,97.879,100.816,2019
634,COG,Republic of Congo,"Gross domestic product per capita, constant prices",Purchasing power parity; 2017 international dollar,Units,"See notes for:  Gross domestic product, constant prices (National currency) Population (Persons).","4,552.22","4,413.57","4,004.68",2017
634,COG,Republic of Congo,Population,Persons,Millions,Source: National Statistics Office Latest actual data: 2017 Primary domestic currency: CFA franc Data last updated: 08/2020,4.456,4.568,4.682,2017
238,CRI,Costa Rica,"Gross domestic product per capita, constant prices",Purchasing power parity; 2017 international dollar,Units,"See notes for:  Gross domestic product, constant prices (National currency) Population (Persons).","19,338.19","19,534.77","18,267.96",2019
238,CRI,Costa Rica,Population,Persons,Millions,Source: National Statistics Office Latest actual data: 2019 Primary domestic currency: Costa Rican colon Data last updated: 09/2020,5.022,5.075,5.129,2019
662,CIV,Côte d'Ivoire,"Gross domestic product per capita, constant prices",Purchasing power parity; 2017 international dollar,Units,"See notes for:  Gross domestic product, constant prices (National currency) Population (Persons).","4,922.96","5,110.89","5,071.04",2015
662,CIV,Côte d'Ivoire,Population,Persons,Millions,Source: Other Latest actual data: 2015 Notes: World Bank Primary domestic currency: CFA franc Data last updated: 09/2020,25.609,26.275,26.958,2015
960,HRV,Croatia,"Gross domestic product per capita, constant prices",Purchasing power parity; 2017 international dollar,Units,"See notes for:  Gross domestic product, constant prices (National currency) Population (Persons).","27,658.32","28,617.36","26,188.45",2019
960,HRV,Croatia,Population,Persons,Millions,"Source: National Statistics Office. By the former Central Bureau of Statistics of the Republic of Croatia (CroStat), now the Croatian Bureau of Statistics (CBS, www.dzs.hr). Latest actual data: 2019 Primary domestic currency: Croatian kuna Data last updated: 09/2020",4.089,4.068,4.045,2019
423,CYP,Cyprus,"Gross domestic product per capita, constant prices",Purchasing power parity; 2017 international dollar,Units,"See notes for:  Gross domestic product, constant prices (National currency) Population (Persons).","39,238.28","39,966.29","36,971.00",2019
423,CYP,Cyprus,Population,Persons,Millions,Source: National Statistics Office Latest actual data: 2019 Notes: Annual data prior to 1994 are end of year. Starting 1995 annual data are as of January 1 of each year. Primary domestic currency: Euro Data last updated: 09/2020,0.864,0.876,0.886,2019
935,CZE,Czech Republic,"Gross domestic product per capita, constant prices",Purchasing power parity; 2017 international dollar,Units,"See notes for:  Gross domestic product, constant prices (National currency) Population (Persons).","40,154.23","40,938.60","38,120.24",2019
935,CZE,Czech Republic,Population,Persons,Millions,Source: Haver Analytics Latest actual data: 2019 Primary domestic currency: Czech koruna Data last updated: 09/2020,10.61,10.65,10.694,2019
128,DNK,Denmark,"Gross domestic product per capita, constant prices",Purchasing power parity; 2017 international dollar,Units,"See notes for:  Gross domestic product, constant prices (National currency) Population (Persons).","56,222.51","57,295.94","54,665.18",2019
128,DNK,Denmark,Population,Persons,Millions,Source: National Statistics Office Latest actual data: 2019 Primary domestic currency: Danish krone Data last updated: 09/2020,5.781,5.806,5.812,2019
611,DJI,Djibouti,"Gross domestic product per capita, constant prices",Purchasing power parity; 2017 international dollar,Units,"See notes for:  Gross domestic product, constant prices (National currency) Population (Persons).","4,766.34","4,984.18","4,799.94",2018
611,DJI,Djibouti,Population,Persons,Millions,"Source: Official population data are not available. Data prior to 1993 are taken from the World Bank World Development Indicators; other data are from U.N. sources, 2009. Latest actual data: 2018 Primary domestic currency: Djibouti franc Data last updated: 09/2020",1.049,1.078,1.109,2018
321,DMA,Dominica,"Gross domestic product per capita, constant prices",Purchasing power parity; 2017 international dollar,Units,"See notes for:  Gross domestic product, constant prices (National currency) Population (Persons).","11,561.99","12,531.54","11,430.99",2011
321,DMA,Dominica,Population,Persons,Millions,Source: National Statistics Office Latest actual data: 2011 Notes: The data source has been changed from World Bank World Development Indicators database to National Statistical Office. Primary domestic currency: Eastern Caribbean dollar Data last updated: 09/2020,0.071,0.071,0.071,2011
243,DOM,Dominican Republic,"Gross domestic product per capita, constant prices",Purchasing power parity; 2017 international dollar,Units,"See notes for:  Gross domestic product, constant prices (National currency) Population (Persons).","18,334.61","19,090.48","17,769.75",2018
243,DOM,Dominican Republic,Population,Persons,Millions,Source: Central Bank Latest actual data: 2019 Primary domestic currency: Dominican peso Data last updated: 09/2020,10.266,10.358,10.461,2019
248,ECU,Ecuador,"Gross domestic product per capita, constant prices",Purchasing power parity; 2017 international dollar,Units,"See notes for:  Gross domestic product, constant prices (National currency) Population (Persons).","11,603.14","11,444.95","10,044.57",2018
248,ECU,Ecuador,Population,Persons,Millions,Source: National Statistics Office Latest actual data: 2018 Primary domestic currency: U.S. dollar Data last updated: 09/2020,17.023,17.268,17.511,2018
469,EGY,Egypt,"Gross domestic product per capita, constant prices",Purchasing power parity; 2017 international dollar,Units,"See notes for:  Gross domestic product, constant prices (National currency) Population (Persons).","11,521.27","11,888.16","12,033.04",2018
469,EGY,Egypt,Population,Persons,Millions,Source: Central Agency for Public Mobilization and Statistics (CAPMAS) Latest actual data: 2017/18 Primary domestic currency: Egyptian pound Data last updated: 09/2020,97.1,99.333,101.618,2018
253,SLV,El Salvador,"Gross domestic product per capita, constant prices",Purchasing power parity; 2017 international dollar,Units,"See notes for:  Gross domestic product, constant prices (National currency) Population (Persons).","8,615.47","8,775.46","7,947.99",2018
253,SLV,El Salvador,Population,Persons,Millions,Source: CEPALSTAT Database Latest actual data: 2018 Primary domestic currency: U.S. dollar Data last updated: 09/2020,6.421,6.454,6.486,2018
642,GNQ,Equatorial Guinea,"Gross domestic product per capita, constant prices",Purchasing power parity; 2017 international dollar,Units,"See notes for:  Gross domestic product, constant prices (National currency) Population (Persons).","20,403.82","18,508.19","16,823.43",2015
642,GNQ,Equatorial Guinea,Population,Persons,Millions,Source: Other Latest actual data: 2015 Notes: Population series is based on United Nations (UN) estimates. The last national census was conducted in 2015. Population figures used by the country authorities differ substantially from the UN estimates. Primary domestic currency: CFA franc Data last updated: 09/2020,1.314,1.36,1.406,2015
643,ERI,Eritrea,"Gross domestic product per capita, constant prices",Purchasing power parity; 2017 international dollar,Units,"See notes for:  Gross domestic product, constant prices (National currency) Population (Persons).","1,717.68","1,761.13","1,725.91",2006
643,ERI,Eritrea,Population,Persons,Millions,Source: UN Population Prospects 2006 Latest actual data: 2006 Primary domestic currency: Eritrean nakfa Data last updated: 07/2020,3.453,3.497,3.546,2006
939,EST,Estonia,"Gross domestic product per capita, constant prices",Purchasing power parity; 2017 international dollar,Units,"See notes for:  Gross domestic product, constant prices (National currency) Population (Persons).","35,292.54","36,976.36","35,035.62",2019
939,EST,Estonia,Population,Persons,Millions,Source: National Statistics Office Latest actual data: 2019 Primary domestic currency: Euro Data last updated: 09/2020,1.322,1.325,1.325,2019
734,SWZ,Eswatini,"Gross domestic product per capita, constant prices",Purchasing power parity; 2017 international dollar,Units,"See notes for:  Gross domestic product, constant prices (National currency) Population (Persons).","8,856.53","8,870.19","8,472.20",2017
734,SWZ,Eswatini,Population,Persons,Millions,Source: National Statistics Office Latest actual data: 2017 Primary domestic currency: Swaziland lilangeni Data last updated: 07/2020,1.104,1.115,1.127,2017
644,ETH,Ethiopia,"Gross domestic product per capita, constant prices",Purchasing power parity; 2017 international dollar,Units,"See notes for:  Gross domestic product, constant prices (National currency) Population (Persons).","2,460.88","2,613.59","2,622.48",2016
644,ETH,Ethiopia,Population,Persons,Millions,Source: International Financial Institution. Human Development Indicators Latest actual data: 2015/16 Primary domestic currency: Ethiopian birr Data last updated: 09/2020,94.138,96.586,98.131,2016
819,FJI,Fiji,"Gross domestic product per capita, constant prices",Purchasing power parity; 2017 international dollar,Units,"See notes for:  Gross domestic product, constant prices (National currency) Population (Persons).","13,710.11","13,457.24","10,572.58",2017
819,FJI,Fiji,Population,Persons,Millions,Source: National Statistics Office Latest actual data: 2017 Primary domestic currency: Fiji dollar Data last updated: 08/2020,0.89,0.895,0.9,2017
172,FIN,Finland,"Gross domestic product per capita, constant prices",Purchasing power parity; 2017 international dollar,Units,"See notes for:  Gross domestic product, constant prices (National currency) Population (Persons).","48,178.92","48,689.08","46,673.32",2019
172,FIN,Finland,Population,Persons,Millions,Source: National Statistics Office Latest actual data: 2019 Primary domestic currency: Euro Data last updated: 09/2020,5.513,5.518,5.527,2019
132,FRA,France,"Gross domestic product per capita, constant prices",Purchasing power parity; 2017 international dollar,Units,"See notes for:  Gross domestic product, constant prices (National currency) Population (Persons).","47,129.13","47,777.99","43,002.82",2019
132,FRA,France,Population,Persons,Millions,Source: National Statistics Office Latest actual data: 2019 Primary domestic currency: Euro Data last updated: 09/2020,64.738,64.822,64.993,2019
646,GAB,Gabon,"Gross domestic product per capita, constant prices",Purchasing power parity; 2017 international dollar,Units,"See notes for:  Gross domestic product, constant prices (National currency) Population (Persons).","15,246.89","15,612.43","14,998.69",2004
646,GAB,Gabon,Population,Persons,Millions,Source: National Statistics Office. In close cooperation with World Bank and country authorities. Latest actual data: 2004 Primary domestic currency: CFA franc Data last updated: 07/2020,2.053,2.08,2.108,2004
648,GMB,The Gambia,"Gross domestic product per capita, constant prices",Purchasing power parity; 2017 international dollar,Units,"See notes for:  Gross domestic product, constant prices (National currency) Population (Persons).","2,158.07","2,221.85","2,118.19",2018
648,GMB,The Gambia,Population,Persons,Millions,Source: International Financial Institution. Human Development Indicators Latest actual data: 2018 Primary domestic currency: Gambian dalasi Data last updated: 08/2020,2.28,2.349,2.419,2018
915,GEO,Georgia,"Gross domestic product per capita, constant prices",Purchasing power parity; 2017 international dollar,Units,"See notes for:  Gross domestic product, constant prices (National currency) Population (Persons).","14,241.84","14,999.48","14,325.76",2015
915,GEO,Georgia,Population,Persons,Millions,Source: National Statistics Office. Census surveys were conducted in 2002 and 2014. Data from 2003 to 2013 have been computed via linear interpolation and are inconsistent with data from the authorities which have not been back-cast following the results of the 2014 census Latest actual data: 2015 Primary domestic currency: Georgian lari Data last updated: 09/2020,3.73,3.724,3.704,2015
134,DEU,Germany,"Gross domestic product per capita, constant prices",Purchasing power parity; 2017 international dollar,Units,"See notes for:  Gross domestic product, constant prices (National currency) Population (Persons).","53,767.97","53,944.86","50,682.06",2019
134,DEU,Germany,Population,Persons,Millions,Source: National Statistics Office Latest actual data: 2019 Notes: Data until 1990 refers to German federation only (West Germany). Data from 1991 refer to United Germany. Primary domestic currency: Euro Data last updated: 09/2020,82.906,83.093,83.151,2019
652,GHA,Ghana,"Gross domestic product per capita, constant prices",Purchasing power parity; 2017 international dollar,Units,"See notes for:  Gross domestic product, constant prices (National currency) Population (Persons).","5,231.81","5,457.42","5,398.76",2018
652,GHA,Ghana,Population,Persons,Millions,Source: National Statistics Office Latest actual data: 2018 Notes: Data cannot be confirmed by national sources at this time. Primary domestic currency: Ghanaian cedi Data last updated: 09/2020,29.555,30.168,30.779,2018
174,GRC,Greece,"Gross domestic product per capita, constant prices",Purchasing power parity; 2017 international dollar,Units,"See notes for:  Gross domestic product, constant prices (National currency) Population (Persons).","29,689.05","30,291.09","27,478.68",2019
174,GRC,Greece,Population,Persons,Millions,"Source: National Statistics Office. Formally, the Statistical Office of the European Communities (EUROSTAT) Latest actual data: 2019 Primary domestic currency: Euro Data last updated: 09/2020",10.741,10.725,10.699,2019
328,GRD,Grenada,"Gross domestic product per capita, constant prices",Purchasing power parity; 2017 international dollar,Units,"See notes for:  Gross domestic product, constant prices (National currency) Population (Persons).","17,290.50","17,727.28","15,566.97",2016
328,GRD,Grenada,Population,Persons,Millions,Source: National Statistics Office Latest actual data: 2016 Primary domestic currency: Eastern Caribbean dollar Data last updated: 09/2020,0.108,0.109,0.109,2016
258,GTM,Guatemala,"Gross domestic product per capita, constant prices",Purchasing power parity; 2017 international dollar,Units,"See notes for:  Gross domestic product, constant prices (National currency) Population (Persons).","8,000.25","8,142.59","7,820.91",2019
258,GTM,Guatemala,Population,Persons,Millions,Source: National Statistics Office Latest actual data: 2019 Primary domestic currency: Guatemalan quetzal Data last updated: 09/2020,17.263,17.613,17.971,2019
656,GIN,Guinea,"Gross domestic product per capita, constant prices",Purchasing power parity; 2017 international dollar,Units,"See notes for:  Gross domestic product, constant prices (National currency) Population (Persons).","2,333.04","2,404.62","2,379.96",2014
656,GIN,Guinea,Population,Persons,Millions,Source: National Statistics Office Latest actual data: 2014 Notes: Data prior to 1995 cannot be confirmed by national sources at this time. Primary domestic currency: Guinean franc Data last updated: 07/2020,13.294,13.627,13.967,2014
654,GNB,Guinea-Bissau,"Gross domestic product per capita, constant prices",Purchasing power parity; 2017 international dollar,Units,"See notes for:  Gross domestic product, constant prices (National currency) Population (Persons).","2,278.96","2,330.24","2,213.96",2017
654,GNB,Guinea-Bissau,Population,Persons,Millions,Source: International Financial Institution. Human Development Indicators. Latest actual data: 2017 Primary domestic currency: CFA franc Data last updated: 07/2020,1.738,1.776,1.815,2017
336,GUY,Guyana,"Gross domestic product per capita, constant prices",Purchasing power parity; 2017 international dollar,Units,"See notes for:  Gross domestic product, constant prices (National currency) Population (Persons).","12,426.25","13,052.24","16,423.30",2019
336,GUY,Guyana,Population,Persons,Millions,Source: International Financial Institution Latest actual data: 2019 Primary domestic currency: Guyana dollar Data last updated: 09/2020,0.782,0.785,0.787,2019
263,HTI,Haiti,"Gross domestic product per capita, constant prices",Purchasing power parity; 2017 international dollar,Units,"See notes for:  Gross domestic product, constant prices (National currency) Population (Persons).","1,766.92","1,724.08","1,634.87",0
263,HTI,Haiti,Population,Persons,Millions,Source: IMF Staff Estimates Latest actual data: IMF staff estimates Primary domestic currency: Haitian gourde Data last updated: 09/2020,11.123,11.263,11.403,0
268,HND,Honduras,"Gross domestic product per capita, constant prices",Purchasing power parity; 2017 international dollar,Units,"See notes for:  Gross domestic product, constant prices (National currency) Population (Persons).","5,655.21","5,704.92","5,239.21",2019
268,HND,Honduras,Population,Persons,Millions,"Source: World Development Indicators, The World Bank Latest actual data: 2019 Primary domestic currency: Honduran lempira Data last updated: 09/2020",9.602,9.77,9.942,2019
532,HKG,Hong Kong SAR,"Gross domestic product per capita, constant prices",Purchasing power parity; 2017 international dollar,Units,"See notes for:  Gross domestic product, constant prices (National currency) Population (Persons).","60,774.81","59,740.92","55,028.32",2019
532,HKG,Hong Kong SAR,Population,Persons,Millions,Source: CEIC Latest actual data: 2019 Primary domestic currency: Hong Kong dollar Data last updated: 09/2020,7.486,7.521,7.555,2019
944,HUN,Hungary,"Gross domestic product per capita, constant prices",Purchasing power parity; 2017 international dollar,Units,"See notes for:  Gross domestic product, constant prices (National currency) Population (Persons).","31,065.17","32,612.67","30,684.67",2019
944,HUN,Hungary,Population,Persons,Millions,Source: National Statistics Office. Hungarian Central Statistical Office (HCSO) Latest actual data: 2019 Primary domestic currency: Hungarian forint Data last updated: 09/2020,9.778,9.773,9.753,2019
176,ISL,Iceland,"Gross domestic product per capita, constant prices",Purchasing power parity; 2017 international dollar,Units,"See notes for:  Gross domestic product, constant prices (National currency) Population (Persons).","56,855.10","56,572.56","51,544.03",2018
176,ISL,Iceland,Population,Persons,Millions,Source: National Statistics Office Latest actual data: 2018 Primary domestic currency: Icelandic króna Data last updated: 09/2020,0.348,0.357,0.364,2018
534,IND,India,"Gross domestic product per capita, constant prices",Purchasing power parity; 2017 international dollar,Units,"See notes for:  Gross domestic product, constant prices (National currency) Population (Persons).","6,496.81","6,694.26","5,944.69",2013
534,IND,India,Population,Persons,Millions,Source: National Statistics Office Latest actual data: 2012/13 Primary domestic currency: Indian rupee Data last updated: 09/2020,"1,352.62","1,367.60","1,381.59",2013
536,IDN,Indonesia,"Gross domestic product per capita, constant prices",Purchasing power parity; 2017 international dollar,Units,"See notes for:  Gross domestic product, constant prices (National currency) Population (Persons).","11,522.28","11,976.55","11,679.35",2019
536,IDN,Indonesia,Population,Persons,Millions,Source: BPS (Statistics Indonesia) and staff estimates. Latest actual data: 2019. BPS projection data Primary domestic currency: Indonesian rupiah Data last updated: 09/2020,264.162,266.912,269.603,2019
429,IRN,Islamic Republic of Iran,"Gross domestic product per capita, constant prices",Purchasing power parity; 2017 international dollar,Units,"See notes for:  Gross domestic product, constant prices (National currency) Population (Persons).","13,018.82","12,038.36","11,318.14",2019
429,IRN,Islamic Republic of Iran,Population,Persons,Millions,Source: National Statistics Office Latest actual data: 2018/19 Primary domestic currency: Iranian rial Data last updated: 09/2020,82.36,83.269,84.149,2019
433,IRQ,Iraq,"Gross domestic product per capita, constant prices",Purchasing power parity; 2017 international dollar,Units,"See notes for:  Gross domestic product, constant prices (National currency) Population (Persons).","10,793.20","10,985.32","9,415.34",2013
433,IRQ,Iraq,Population,Persons,Millions,Source: National Statistics Office Latest actual data: 2013 Primary domestic currency: Iraqi dinar  Data last updated: 08/2020,38.124,39.115,40.132,2013
178,IRL,Ireland,"Gross domestic product per capita, constant prices",Purchasing power parity; 2017 international dollar,Units,"See notes for:  Gross domestic product, constant prices (National currency) Population (Persons).","84,417.52","88,227.66","84,562.32",2019
178,IRL,Ireland,Population,Persons,Millions,Source: National Statistics Office. Central Statistical Office of Ireland (CSO). Latest actual data: 2019 Primary domestic currency: Euro Data last updated: 09/2020,4.886,4.95,5.009,2019
436,ISR,Israel,"Gross domestic product per capita, constant prices",Purchasing power parity; 2017 international dollar,Units,"See notes for:  Gross domestic product, constant prices (National currency) Population (Persons).","39,503.50","40,090.13","37,015.73",2019
436,ISR,Israel,Population,Persons,Millions,Source: International Financial Institution Latest actual data: 2019 Primary domestic currency: Israeli shekel Data last updated: 09/2020,8.879,9.051,9.226,2019
136,ITA,Italy,"Gross domestic product per capita, constant prices",Purchasing power parity; 2017 international dollar,Units,"See notes for:  Gross domestic product, constant prices (National currency) Population (Persons).","42,154.79","42,368.96","37,904.74",2019
136,ITA,Italy,Population,Persons,Millions,Source: National Statistics Office Latest actual data: 2019 Primary domestic currency: Euro Data last updated: 09/2020,60.484,60.36,60.287,2019
343,JAM,Jamaica,"Gross domestic product per capita, constant prices",Purchasing power parity; 2017 international dollar,Units,"See notes for:  Gross domestic product, constant prices (National currency) Population (Persons).","10,472.67","10,571.28","9,670.08",2019
343,JAM,Jamaica,Population,Persons,Millions,Source: International Financial Institution. National Statistics Office if data is not yet available in IFS. Latest actual data: 2019 Primary domestic currency: Jamaica dollar Data last updated: 09/2020,2.728,2.726,2.725,2019
158,JPN,Japan,"Gross domestic product per capita, constant prices",Purchasing power parity; 2017 international dollar,Units,"See notes for:  Gross domestic product, constant prices (National currency) Population (Persons).","41,065.76","41,441.28","39,391.14",2019
158,JPN,Japan,Population,Persons,Millions,Source: Cabinet Office of Japan via Haver database. Latest actual data: 2019. Actual surveys are taken every 5 years with the latest one done in 2010. Other years are authorities estimates. Primary domestic currency: Japanese yen Data last updated: 09/2020,126.495,126.19,125.758,2019
439,JOR,Jordan,"Gross domestic product per capita, constant prices",Purchasing power parity; 2017 international dollar,Units,"See notes for:  Gross domestic product, constant prices (National currency) Population (Persons).","10,075.43","10,103.11","9,467.27",2018
439,JOR,Jordan,Population,Persons,Millions,Source: National Statistics Office Latest actual data: 2018 Primary domestic currency: Jordanian dinar Data last updated: 09/2020,9.904,10.07,10.209,2018
916,KAZ,Kazakhstan,"Gross domestic product per capita, constant prices",Purchasing power parity; 2017 international dollar,Units,"See notes for:  Gross domestic product, constant prices (National currency) Population (Persons).","25,378.90","26,184.17","25,155.19",2018
916,KAZ,Kazakhstan,Population,Persons,Millions,Source: National Statistics Office Latest actual data: 2018 Notes: Data prior to 1996 cannot be confirmed by national sources at this time. Primary domestic currency: Kazakhstani tenge Data last updated: 09/2020,18.396,18.632,18.872,2018
664,KEN,Kenya,"Gross domestic product per capita, constant prices",Purchasing power parity; 2017 international dollar,Units,"See notes for:  Gross domestic product, constant prices (National currency) Population (Persons).","4,646.15","4,782.32","4,724.02",2019
664,KEN,Kenya,Population,Persons,Millions,Source: National Statistics Office Latest actual data: 2019 Notes: National Statistical Office. Series from January 1998 to October 2005 was adjusted in line with methodology reported in the 2011 Article IV Staff Report Primary domestic currency: Kenya shillings Data last updated: 09/2020,46.5,47.6,48.693,2019
826,KIR,Kiribati,"Gross domestic product per capita, constant prices",Purchasing power parity; 2017 international dollar,Units,"See notes for:  Gross domestic product, constant prices (National currency) Population (Persons).","2,055.71","2,067.74","2,010.93",2017
826,KIR,Kiribati,Population,Persons,Millions,Source: National Statistics Office Latest actual data: 2017 Primary domestic currency: Australian dollar Data last updated: 09/2020,0.115,0.117,0.119,2017
542,KOR,Korea,"Gross domestic product per capita, constant prices",Purchasing power parity; 2017 international dollar,Units,"See notes for:  Gross domestic product, constant prices (National currency) Population (Persons).","41,993.05","42,764.52","41,903.49",2018
542,KOR,Korea,Population,Persons,Millions,Source: National Statistics Office Latest actual data: 2018 Primary domestic currency: Korean won Data last updated: 09/2020,51.607,51.709,51.781,2018
967,UVK,Kosovo,"Gross domestic product per capita, constant prices",Purchasing power parity; 2017 international dollar,Units,"See notes for:  Gross domestic product, constant prices (National currency) Population (Persons).","10,921.17","11,312.76","10,422.61",0
967,UVK,Kosovo,Population,Persons,Millions,Source: Census never done Latest actual data: IMF staff estimates Primary domestic currency: Euro Data last updated: 09/2020,1.793,1.8,1.807,0
443,KWT,Kuwait,"Gross domestic product per capita, constant prices",Purchasing power parity; 2017 international dollar,Units,"See notes for:  Gross domestic product, constant prices (National currency) Population (Persons).","45,188.90","44,150.68","39,483.94",2018
443,KWT,Kuwait,Population,Persons,Millions,"Source: Ministry of Planning, Central Statistical Office, and Civil Information Authority Latest actual data: 2018 Primary domestic currency: Kuwaiti dinar Data last updated: 08/2020",4.622,4.75,4.883,2018
917,KGZ,Kyrgyz Republic,"Gross domestic product per capita, constant prices",Purchasing power parity; 2017 international dollar,Units,"See notes for:  Gross domestic product, constant prices (National currency) Population (Persons).","5,172.43","5,291.87","4,564.11",2019
917,KGZ,Kyrgyz Republic,Population,Persons,Millions,Source: National Statistics Office Latest actual data: 2019 Primary domestic currency: Kyrgyz som Data last updated: 09/2020,6.257,6.389,6.517,2019
544,LAO,Lao P.D.R.,"Gross domestic product per capita, constant prices",Purchasing power parity; 2017 international dollar,Units,"See notes for:  Gross domestic product, constant prices (National currency) Population (Persons).","7,594.36","7,873.53","7,777.53",2018
544,LAO,Lao P.D.R.,Population,Persons,Millions,Source: International Financial Institution. World Bank Latest actual data: 2018 Primary domestic currency: Lao kip Data last updated: 09/2020,7.062,7.163,7.266,2018
941,LVA,Latvia,"Gross domestic product per capita, constant prices",Purchasing power parity; 2017 international dollar,Units,"See notes for:  Gross domestic product, constant prices (National currency) Population (Persons).","29,830.38","30,714.71","28,929.69",2019
941,LVA,Latvia,Population,Persons,Millions,Source: National Statistics Office Latest actual data: 2019 Primary domestic currency: Euro Data last updated: 09/2020,1.934,1.92,1.916,2019
446,LBN,Lebanon,"Gross domestic product per capita, constant prices",Purchasing power parity; 2017 international dollar,Units,"See notes for:  Gross domestic product, constant prices (National currency) Population (Persons).","15,588.15","14,520.40","10,938.59",2012
446,LBN,Lebanon,Population,Persons,Millions,Source: National Statistics Office. Also: IMF staff. Latest actual data: 2012. The 2007 households living conditions was the latest official survey. An update in 2010 was conducted under the Multiple Indicator Cluster Survey. Primary domestic currency: Lebanese pound Data last updated: 09/2020,6.859,6.856,6.825,2012
666,LSO,Lesotho,"Gross domestic product per capita, constant prices",Purchasing power parity; 2017 international dollar,Units,"See notes for:  Gross domestic product, constant prices (National currency) Population (Persons).","2,879.59","2,887.65","2,730.68",2016
666,LSO,Lesotho,Population,Persons,Millions,Source: National Statistics Office Latest actual data: 2016 Primary domestic currency: Lesotho loti Data last updated: 08/2020,2.034,2.048,2.062,2016
668,LBR,Liberia,"Gross domestic product per capita, constant prices",Purchasing power parity; 2017 international dollar,Units,"See notes for:  Gross domestic product, constant prices (National currency) Population (Persons).","1,615.84","1,535.89","1,452.90",2016
668,LBR,Liberia,Population,Persons,Millions,Source: National Statistics Office Latest actual data: 2016 Primary domestic currency: U.S. dollars Data last updated: 09/2020,4.463,4.578,4.694,2016
672,LBY,Libya,"Gross domestic product per capita, constant prices",Purchasing power parity; 2017 international dollar,Units,"See notes for:  Gross domestic product, constant prices (National currency) Population (Persons).","12,498.71","13,598.93","4,490.09",2017
672,LBY,Libya,Population,Persons,Millions,Source: International Financial Institution. World Development Indicators Latest actual data: 2019 Primary domestic currency: Libyan dinar Data last updated: 09/2020,6.513,6.578,6.644,2019
946,LTU,Lithuania,"Gross domestic product per capita, constant prices",Purchasing power parity; 2017 international dollar,Units,"See notes for:  Gross domestic product, constant prices (National currency) Population (Persons).","35,389.69","37,021.25","36,522.78",2019
946,LTU,Lithuania,Population,Persons,Millions,Source: National Statistics Office. Data from Statistics Lithuania: http://www.stat.gov.lt/en/ Latest actual data: 2019. Population data were revised back to 2001 based on 2011 census results. Primary domestic currency: European euro Data last updated: 09/2020,2.802,2.783,2.769,2019
137,LUX,Luxembourg,"Gross domestic product per capita, constant prices",Purchasing power parity; 2017 international dollar,Units,"See notes for:  Gross domestic product, constant prices (National currency) Population (Persons).","115,237.10","115,601.48","106,787.70",2018
137,LUX,Luxembourg,Population,Persons,Millions,Source: National Statistics Office Latest actual data: 2018 Primary domestic currency: Euro Data last updated: 09/2020,0.602,0.614,0.626,2018
546,MAC,Macao SAR,"Gross domestic product per capita, constant prices",Purchasing power parity; 2017 international dollar,Units,"See notes for:  Gross domestic product, constant prices (National currency) Population (Persons).","124,839.90","116,823.24","55,752.37",2019
546,MAC,Macao SAR,Population,Persons,Millions,Source: National Statistics Office Latest actual data: 2019 Primary domestic currency: Macanese pataca,0.667,0.68,0.68,2019
674,MDG,Madagascar,"Gross domestic product per capita, constant prices",Purchasing power parity; 2017 international dollar,Units,"See notes for:  Gross domestic product, constant prices (National currency) Population (Persons).","1,616.42","1,650.50","1,558.32",2010
674,MDG,Madagascar,Population,Persons,Millions,"Source: UN, World Bank, and National Statistical Office Latest actual data: 2010 Primary domestic currency: Malagasy ariary Data last updated: 09/2020",26.208,26.889,27.578,2010
676,MWI,Malawi,"Gross domestic product per capita, constant prices",Purchasing power parity; 2017 international dollar,Units,"See notes for:  Gross domestic product, constant prices (National currency) Population (Persons).",948.008,962.935,941.595,2011
676,MWI,Malawi,Population,Persons,Millions,Source: International Financial Institution Latest actual data: 2016 Primary domestic currency: Malawi kwacha Data last updated: 07/2020,19.721,20.289,20.873,2016
548,MYS,Malaysia,"Gross domestic product per capita, constant prices",Purchasing power parity; 2017 international dollar,Units,"See notes for:  Gross domestic product, constant prices (National currency) Population (Persons).","26,831.16","27,814.64","25,815.75",2019
548,MYS,Malaysia,Population,Persons,Millions,Source: National Statistics Office. From Department of Statistics Malaysia (DOS) downloaded via CEIC Latest actual data: 2019 Primary domestic currency: Malaysian ringgit Data last updated: 08/2020,32.382,32.581,32.998,2019
556,MDV,Maldives,"Gross domestic product per capita, constant prices",Purchasing power parity; 2017 international dollar,Units,"See notes for:  Gross domestic product, constant prices (National currency) Population (Persons).","26,104.52","27,125.99","21,726.25",2014
556,MDV,Maldives,Population,Persons,Millions,Source: Department of National Planning. Latest actual data: 2014. Latest census done in 2014. On National Planning Website. Primary domestic currency: Maldivian rufiyaa Data last updated: 09/2020,0.366,0.372,0.378,2014
678,MLI,Mali,"Gross domestic product per capita, constant prices",Purchasing power parity; 2017 international dollar,Units,"See notes for:  Gross domestic product, constant prices (National currency) Population (Persons).","2,359.26","2,406.71","2,290.43",2017
678,MLI,Mali,Population,Persons,Millions,Source: Other Latest actual data: 2017 Notes: Population data from World Development Indicators. Primary domestic currency: CFA franc Data last updated: 09/2020,18.542,19.095,19.667,2017
181,MLT,Malta,"Gross domestic product per capita, constant prices",Purchasing power parity; 2017 international dollar,Units,"See notes for:  Gross domestic product, constant prices (National currency) Population (Persons).","44,519.98","45,020.20","40,762.86",2019
181,MLT,Malta,Population,Persons,Millions,Source: Eurostat Latest actual data: 2019 Primary domestic currency: Euro Data last updated: 09/2020,0.476,0.494,0.502,2019
867,MHL,Marshall Islands,"Gross domestic product per capita, constant prices",Purchasing power parity; 2017 international dollar,Units,"See notes for:  Gross domestic product, constant prices (National currency) Population (Persons).","3,604.17","3,772.86","3,581.59",2018
867,MHL,Marshall Islands,Population,Persons,Millions,Source: National Statistics Office Latest actual data: 2018 Primary domestic currency: U.S. dollar Data last updated: 09/2020,0.055,0.055,0.055,2018
682,MRT,Mauritania,"Gross domestic product per capita, constant prices",Purchasing power parity; 2017 international dollar,Units,"See notes for:  Gross domestic product, constant prices (National currency) Population (Persons).","5,593.04","5,791.54","5,484.33",2014
682,MRT,Mauritania,Population,Persons,Millions,Source: National Statistics Office Latest actual data: 2014 Primary domestic currency: New Mauritanian Ouguiya Data last updated: 08/2020,3.97,4.058,4.147,2014
684,MUS,Mauritius,"Gross domestic product per capita, constant prices",Purchasing power parity; 2017 international dollar,Units,"See notes for:  Gross domestic product, constant prices (National currency) Population (Persons).","22,203.33","22,852.14","19,601.26",2018
684,MUS,Mauritius,Population,Persons,Millions,Source: National Statistics Office Latest actual data: 2018 Primary domestic currency: Mauritian rupee Data last updated: 09/2020,1.266,1.267,1.267,2018
273,MEX,Mexico,"Gross domestic product per capita, constant prices",Purchasing power parity; 2017 international dollar,Units,"See notes for:  Gross domestic product, constant prices (National currency) Population (Persons).","20,025.50","19,747.91","17,790.33",2019
273,MEX,Mexico,Population,Persons,Millions,Source: National Population Statistics Office (CONAPO) Latest actual data: 2019 Primary domestic currency: Mexican peso Data last updated: 09/2020,126.191,127.576,128.933,2019
868,FSM,Micronesia,"Gross domestic product per capita, constant prices",Purchasing power parity; 2017 international dollar,Units,"See notes for:  Gross domestic product, constant prices (National currency) Population (Persons).","3,355.90","3,392.43","3,260.65",2018
868,FSM,Micronesia,Population,Persons,Millions,"Source: National Statistics Office Latest actual data: 2017/18. 1995 and 2010 from census data, other years estimated by authorities consultants Primary domestic currency: U.S. dollar Data last updated: 08/2020",0.102,0.102,0.103,2018
921,MDA,Moldova,"Gross domestic product per capita, constant prices",Purchasing power parity; 2017 international dollar,Units,"See notes for:  Gross domestic product, constant prices (National currency) Population (Persons).","12,227.64","12,895.12","12,538.15",2019
921,MDA,Moldova,Population,Persons,Millions,Source: National Statistics Office Latest actual data: 2019 Primary domestic currency: Moldovan leu Data last updated: 08/2020,2.73,2.682,2.634,2019
948,MNG,Mongolia,"Gross domestic product per capita, constant prices",Purchasing power parity; 2017 international dollar,Units,"See notes for:  Gross domestic product, constant prices (National currency) Population (Persons).","11,664.39","12,042.06","11,597.92",2019
948,MNG,Mongolia,Population,Persons,Millions,Source: National Statistics Office Latest actual data: 2019 Primary domestic currency: Mongolian togrog Data last updated: 09/2020,3.238,3.297,3.355,2019
943,MNE,Montenegro,"Gross domestic product per capita, constant prices",Purchasing power parity; 2017 international dollar,Units,"See notes for:  Gross domestic product, constant prices (National currency) Population (Persons).","20,710.63","21,441.16","18,855.65",2019
943,MNE,Montenegro,Population,Persons,Millions,Source: National Statistics Office. MONSTAT Latest actual data: 2019 Primary domestic currency: Euro Data last updated: 09/2020,0.622,0.623,0.623,2019
686,MAR,Morocco,"Gross domestic product per capita, constant prices",Purchasing power parity; 2017 international dollar,Units,"See notes for:  Gross domestic product, constant prices (National currency) Population (Persons).","7,728.34","7,817.16","7,198.40",2018
686,MAR,Morocco,Population,Persons,Millions,Source: National Statistics Office Latest actual data: 2018 Primary domestic currency: Moroccan dirham Data last updated: 09/2020,35.22,35.587,35.952,2018
688,MOZ,Mozambique,"Gross domestic product per capita, constant prices",Purchasing power parity; 2017 international dollar,Units,"See notes for:  Gross domestic product, constant prices (National currency) Population (Persons).","1,253.90","1,248.87","1,210.15",2015
688,MOZ,Mozambique,Population,Persons,Millions,Source: International Financial Institution. Human Development Indicators. Latest actual data: 2015 Notes: Data prior to 1992 cannot be confirmed by national sources at this time. Primary domestic currency: Mozambican metical Data last updated: 09/2020,30.339,31.157,31.993,2015
518,MMR,Myanmar,"Gross domestic product per capita, constant prices",Purchasing power parity; 2017 international dollar,Units,"See notes for:  Gross domestic product, constant prices (National currency) Population (Persons).","4,575.10","4,837.18","4,899.65",2015
518,MMR,Myanmar,Population,Persons,Millions,Source: Department of Labour Latest actual data: 2014/15 Primary domestic currency: Myanmar kyat Data last updated: 09/2020,52.449,52.832,53.199,2015
728,NAM,Namibia,"Gross domestic product per capita, constant prices",Purchasing power parity; 2017 international dollar,Units,"See notes for:  Gross domestic product, constant prices (National currency) Population (Persons).","10,143.95","9,862.07","9,022.96",2019
728,NAM,Namibia,Population,Persons,Millions,Source: IMF Staff Estimates Latest actual data: 2019 Primary domestic currency: Namibia dollar Data last updated: 07/2020,2.414,2.459,2.53,2019
836,NRU,Nauru,"Gross domestic product per capita, constant prices",Purchasing power parity; 2017 international dollar,Units,"See notes for:  Gross domestic product, constant prices (National currency) Population (Persons).","8,983.78","9,458.46","9,342.49",2016
836,NRU,Nauru,Population,Persons,Millions,"Source: Nauru Bureau of Statistics, Secretariat of the Pacific Community, IMF staff estimates Latest actual data: 2015/16. Calculated based on input from PFTAC national accounts TA in October 2016 Primary domestic currency: Australian dollar Data last updated: 09/2020",0.013,0.013,0.013,2016
558,NPL,Nepal,"Gross domestic product per capita, constant prices",Purchasing power parity; 2017 international dollar,Units,"See notes for:  Gross domestic product, constant prices (National currency) Population (Persons).","3,251.42","3,435.78","3,392.14",2018
558,NPL,Nepal,Population,Persons,Millions,Source: International Financial Institution. WDI database Latest actual data: 2018 Primary domestic currency: Nepalese rupee Data last updated: 07/2020,28.088,28.455,28.827,2018
138,NLD,Netherlands,"Gross domestic product per capita, constant prices",Purchasing power parity; 2017 international dollar,Units,"See notes for:  Gross domestic product, constant prices (National currency) Population (Persons).","56,490.39","57,271.33","54,021.85",2019
138,NLD,Netherlands,Population,Persons,Millions,Source: National Statistics Office Latest actual data: 2019 Primary domestic currency: Euro Data last updated: 09/2020,17.181,17.231,17.281,2019
196,NZL,New Zealand,"Gross domestic product per capita, constant prices",Purchasing power parity; 2017 international dollar,Units,"See notes for:  Gross domestic product, constant prices (National currency) Population (Persons).","41,810.01","42,031.50","38,857.30",2019
196,NZL,New Zealand,Population,Persons,Millions,Source: National Statistics Office. Statistics New Zealand Latest actual data: 2019 Primary domestic currency: New Zealand dollar Data last updated: 09/2020,4.844,4.925,5.004,2019
278,NIC,Nicaragua,"Gross domestic product per capita, constant prices",Purchasing power parity; 2017 international dollar,Units,"See notes for:  Gross domestic product, constant prices (National currency) Population (Persons).","5,699.39","5,421.85","5,146.14",2017
278,NIC,Nicaragua,Population,Persons,Millions,Source: Central Bank Latest actual data: 2017. last census took place in 2005. BCN publishes 2017 data: https://www.bcn.gob.ni/publicaciones/periodicidad/anual/nicaragua_cifras/nicaragua_cifras.pdf Primary domestic currency: Nicaraguan córdoba Data last updated: 09/2020,6.46,6.528,6.496,2017
692,NER,Niger,"Gross domestic product per capita, constant prices",Purchasing power parity; 2017 international dollar,Units,"See notes for:  Gross domestic product, constant prices (National currency) Population (Persons).","1,200.97","1,224.51","1,185.08",2009
692,NER,Niger,Population,Persons,Millions,Source: National Statistics Office Latest actual data: 2009 Primary domestic currency: CFA franc Data last updated: 09/2020,22.443,23.311,24.207,2009
694,NGA,Nigeria,"Gross domestic product per capita, constant prices",Purchasing power parity; 2017 international dollar,Units,"See notes for:  Gross domestic product, constant prices (National currency) Population (Persons).","5,155.07","5,135.49","4,792.36",2012
694,NGA,Nigeria,Population,Persons,Millions,Source: International Financial Institution Latest actual data: 2012 Primary domestic currency: Nigerian naira Data last updated: 09/2020,195.875,200.964,206.14,2012
962,MKD,North Macedonia,"Gross domestic product per capita, constant prices",Purchasing power parity; 2017 international dollar,Units,"See notes for:  Gross domestic product, constant prices (National currency) Population (Persons).","16,053.36","16,610.54","15,713.57",2019
962,MKD,North Macedonia,Population,Persons,Millions,Source: National Statistics Office Latest actual data: 2019 Primary domestic currency: Macedonian denar Data last updated: 09/2020,2.077,2.079,2.079,2019
142,NOR,Norway,"Gross domestic product per capita, constant prices",Purchasing power parity; 2017 international dollar,Units,"See notes for:  Gross domestic product, constant prices (National currency) Population (Persons).","63,189.81","63,527.44","61,358.71",2018
142,NOR,Norway,Population,Persons,Millions,Source: National Statistics Office Latest actual data: 2018 Primary domestic currency: Norwegian krone Data last updated: 09/2020,5.324,5.357,5.389,2018
449,OMN,Oman,"Gross domestic product per capita, constant prices",Purchasing power parity; 2017 international dollar,Units,"See notes for:  Gross domestic product, constant prices (National currency) Population (Persons).","32,768.99","32,379.62","28,295.10",2018
449,OMN,Oman,Population,Persons,Millions,"Source: National Statistics Office. For data prior to 1990, the source is IFS - International Financial Statistics. Latest actual data: 2018 Primary domestic currency: Omani rial Data last updated: 09/2020",4.179,4.194,4.32,2018
564,PAK,Pakistan,"Gross domestic product per capita, constant prices",Purchasing power parity; 2017 international dollar,Units,"See notes for:  Gross domestic product, constant prices (National currency) Population (Persons).","4,990.93","4,992.67","4,881.90",2020
564,PAK,Pakistan,Population,Persons,Millions,Source: National Statistics Office Latest actual data: 2019/20. Preliminary data from the authorities. Notes: Data refer to fiscal years Primary domestic currency: Pakistan rupee Data last updated: 09/2020,200.96,204.729,208.57,2020
565,PLW,Palau,"Gross domestic product per capita, constant prices",Purchasing power parity; 2017 international dollar,Units,"See notes for:  Gross domestic product, constant prices (National currency) Population (Persons).","15,468.72","15,269.83","13,395.12",2018
565,PLW,Palau,Population,Persons,Millions,Source: Ministry of Finance or Treasury Latest actual data: 2017/18 Primary domestic currency: U.S. dollar Data last updated: 07/2020,0.018,0.017,0.018,2018
283,PAN,Panama,"Gross domestic product per capita, constant prices",Purchasing power parity; 2017 international dollar,Units,"See notes for:  Gross domestic product, constant prices (National currency) Population (Persons).","31,184.29","31,664.80","28,414.38",2019
283,PAN,Panama,Population,Persons,Millions,Source: National Statistics Office Latest actual data: 2019. 2019 data is the authorities estimate based on 2010 Census Primary domestic currency: U.S. dollar Data last updated: 09/2020,4.159,4.219,4.279,2019
853,PNG,Papua New Guinea,"Gross domestic product per capita, constant prices",Purchasing power parity; 2017 international dollar,Units,"See notes for:  Gross domestic product, constant prices (National currency) Population (Persons).","3,750.49","3,855.12","3,652.65",2014
853,PNG,Papua New Guinea,Population,Persons,Millions,Source: Ministry of Finance or Treasury Latest actual data: 2014 Primary domestic currency: Papua New Guinea kina Data last updated: 09/2020,8.426,8.601,8.781,2014
288,PRY,Paraguay,"Gross domestic product per capita, constant prices",Purchasing power parity; 2017 international dollar,Units,"See notes for:  Gross domestic product, constant prices (National currency) Population (Persons).","12,673.89","12,493.46","11,828.40",2018
288,PRY,Paraguay,Population,Persons,Millions,"Source: National Statistics Office. Proyección de la Población Nacional, Áreas Urbana y Rural por Sexo y Edad, 2000-2025 Latest actual data: 2018 Primary domestic currency: Paraguayan guaraní Data last updated: 09/2020",7.053,7.153,7.253,2018
293,PER,Peru,"Gross domestic product per capita, constant prices",Purchasing power parity; 2017 international dollar,Units,"See notes for:  Gross domestic product, constant prices (National currency) Population (Persons).","12,903.42","12,786.55","10,895.05",2018
293,PER,Peru,Population,Persons,Millions,Source: National Statistics Office Latest actual data: 2018 Primary domestic currency: Peruvian sol Data last updated: 09/2020,32.162,33.162,33.494,2018
566,PHL,Philippines,"Gross domestic product per capita, constant prices",Purchasing power parity; 2017 international dollar,Units,"See notes for:  Gross domestic product, constant prices (National currency) Population (Persons).","8,587.92","8,976.81","8,111.32",2019
566,PHL,Philippines,Population,Persons,Millions,Source: National Statistics Office. Accessed via Haver Latest actual data: 2019. Mid-year Primary domestic currency: Philippine peso Data last updated: 09/2020,105.76,107.29,108.928,2019
964,POL,Poland,"Gross domestic product per capita, constant prices",Purchasing power parity; 2017 international dollar,Units,"See notes for:  Gross domestic product, constant prices (National currency) Population (Persons).","31,764.07","33,084.70","31,919.16",2019
964,POL,Poland,Population,Persons,Millions,Source: National Statistics Office Latest actual data: 2019 Primary domestic currency: Polish zloty Data last updated: 09/2020,37.977,37.973,37.958,2019
182,PRT,Portugal,"Gross domestic product per capita, constant prices",Purchasing power parity; 2017 international dollar,Units,"See notes for:  Gross domestic product, constant prices (National currency) Population (Persons).","34,013.12","34,775.35","31,344.39",2019
182,PRT,Portugal,Population,Persons,Millions,Source: National Statistics Office Latest actual data: 2019 Primary domestic currency: Euro Data last updated: 09/2020,10.284,10.276,10.261,2019
359,PRI,Puerto Rico,"Gross domestic product per capita, constant prices",Purchasing power parity; 2017 international dollar,Units,"See notes for:  Gross domestic product, constant prices (National currency) Population (Persons).","34,221.55","35,258.56","33,110.83",2018
359,PRI,Puerto Rico,Population,Persons,Millions,Source: National Statistics Office Latest actual data: 2018/19 Primary domestic currency: U.S. dollar Data last updated: 08/2020,3.2,3.168,3.12,2019
453,QAT,Qatar,"Gross domestic product per capita, constant prices",Purchasing power parity; 2017 international dollar,Units,"See notes for:  Gross domestic product, constant prices (National currency) Population (Persons).","91,679.05","91,248.78","86,941.04",2018
453,QAT,Qatar,Population,Persons,Millions,Source: National Statistics Office. Qatar Planning and Statistics Authority Latest actual data: 2018 Primary domestic currency: Qatari riyal Data last updated: 09/2020,2.76,2.795,2.802,2018
968,ROU,Romania,"Gross domestic product per capita, constant prices",Purchasing power parity; 2017 international dollar,Units,"See notes for:  Gross domestic product, constant prices (National currency) Population (Persons).","28,592.60","29,951.36","28,515.48",2019
968,ROU,Romania,Population,Persons,Millions,"Source: Haver Analytics. Formally, Eurostat. Latest actual data: 2019 Primary domestic currency: Romanian leu Data last updated: 09/2020",19.531,19.405,19.404,2019
922,RUS,Russia,"Gross domestic product per capita, constant prices",Purchasing power parity; 2017 international dollar,Units,"See notes for:  Gross domestic product, constant prices (National currency) Population (Persons).","26,676.70","27,040.56","25,916.48",2019
922,RUS,Russia,Population,Persons,Millions,Source: National Statistics Office Latest actual data: 2019 Primary domestic currency: Russian ruble Data last updated: 09/2020,146.781,146.749,146.812,2019
714,RWA,Rwanda,"Gross domestic product per capita, constant prices",Purchasing power parity; 2017 international dollar,Units,"See notes for:  Gross domestic product, constant prices (National currency) Population (Persons).","2,123.52","2,266.86","2,263.53",2012
714,RWA,Rwanda,Population,Persons,Millions,Source: Ministry of Finance or Treasury Latest actual data: 2012 Primary domestic currency: Rwandan franc Data last updated: 08/2020,12.1,12.4,12.665,2012
862,WSM,Samoa,"Gross domestic product per capita, constant prices",Purchasing power parity; 2017 international dollar,Units,"See notes for:  Gross domestic product, constant prices (National currency) Population (Persons).","5,429.82","5,572.95","5,247.84",2016
862,WSM,Samoa,Population,Persons,Millions,Source: Asian Development Bank; Samoa Bureau of Statistics. Latest actual data: 2016 Primary domestic currency: Samoa tala Data last updated: 09/2020,0.199,0.201,0.203,2016
135,SMR,San Marino,"Gross domestic product per capita, constant prices",Purchasing power parity; 2017 international dollar,Units,"See notes for:  Gross domestic product, constant prices (National currency) Population (Persons).","60,221.01","60,571.40","53,632.25",2018
135,SMR,San Marino,Population,Persons,Millions,Source: National Statistics Office Latest actual data: 2018 Primary domestic currency: Euro Data last updated: 09/2020,0.033,0.034,0.034,2018
716,STP,São Tomé and Príncipe,"Gross domestic product per capita, constant prices",Purchasing power parity; 2017 international dollar,Units,"See notes for:  Gross domestic product, constant prices (National currency) Population (Persons).","3,997.40","3,973.39","3,629.91",2011
716,STP,São Tomé and Príncipe,Population,Persons,Millions,Source: International Financial Institution. World Development Indicators. Latest actual data: 2011. WDI will need to be updated to reflect the results of the 2012 Census Notes: Data revised to use the United Nations/World Bank database from 1980. Primary domestic currency: São Tomé and Príncipe dobra Data last updated: 09/2020,0.209,0.213,0.218,2011
456,SAU,Saudi Arabia,"Gross domestic product per capita, constant prices",Purchasing power parity; 2017 international dollar,Units,"See notes for:  Gross domestic product, constant prices (National currency) Population (Persons).","48,004.54","47,219.26","43,777.35",2019
456,SAU,Saudi Arabia,Population,Persons,Millions,"Source: National Statistics Office. General Authority for Statistics, Kingdom of Saudi Arabia (GSTAT) Latest actual data: 2019 Primary domestic currency: Saudi Arabian riyal Data last updated: 09/2020",33.414,34.082,34.764,2019
722,SEN,Senegal,"Gross domestic product per capita, constant prices",Purchasing power parity; 2017 international dollar,Units,"See notes for:  Gross domestic product, constant prices (National currency) Population (Persons).","3,313.64","3,392.49","3,276.07",2018
722,SEN,Senegal,Population,Persons,Millions,Source: World Development Indicators. Latest actual data: 2018 Primary domestic currency: CFA franc Data last updated: 09/2020,15.857,16.308,16.771,2018
942,SRB,Serbia,"Gross domestic product per capita, constant prices",Purchasing power parity; 2017 international dollar,Units,"See notes for:  Gross domestic product, constant prices (National currency) Population (Persons).","17,423.43","18,202.08","17,824.23",2019
942,SRB,Serbia,Population,Persons,Millions,Source: National Statistics Office. Statistical Office of the Republic of Serbia Latest actual data: 2019 Primary domestic currency: Serbian dinar Data last updated: 09/2020,6.983,6.964,6.936,2019
718,SYC,Seychelles,"Gross domestic product per capita, constant prices",Purchasing power parity; 2017 international dollar,Units,"See notes for:  Gross domestic product, constant prices (National currency) Population (Persons).","28,367.47","29,195.23","24,964.86",2015
718,SYC,Seychelles,Population,Persons,Millions,Source: National Statistics Office Latest actual data: 2015 Primary domestic currency: Seychelles rupee Data last updated: 07/2020,0.095,0.096,0.097,2015
724,SLE,Sierra Leone,"Gross domestic product per capita, constant prices",Purchasing power parity; 2017 international dollar,Units,"See notes for:  Gross domestic product, constant prices (National currency) Population (Persons).","1,654.50","1,706.18","1,618.58",2017
724,SLE,Sierra Leone,Population,Persons,Millions,Source: National Statistics Office Latest actual data: 2017 Primary domestic currency: Sierra Leonean leone Data last updated: 08/2020,7.65,7.815,7.984,2017
576,SGP,Singapore,"Gross domestic product per capita, constant prices",Purchasing power parity; 2017 international dollar,Units,"See notes for:  Gross domestic product, constant prices (National currency) Population (Persons).","97,744.96","97,341.47","90,447.36",2019
576,SGP,Singapore,Population,Persons,Millions,"Source: National Statistics Office Latest actual data: 2019. Data is reported as of mid-year, as opposed to end-year. Primary domestic currency: Singapore dollar Data last updated: 09/2020",5.639,5.704,5.77,2019
936,SVK,Slovak Republic,"Gross domestic product per capita, constant prices",Purchasing power parity; 2017 international dollar,Units,"See notes for:  Gross domestic product, constant prices (National currency) Population (Persons).","32,088.92","32,814.60","30,448.59",2019
936,SVK,Slovak Republic,Population,Persons,Millions,Source: Haver Analytics. National Statistical Office Latest actual data: 2019 Primary domestic currency: Euro Data last updated: 09/2020,5.443,5.45,5.458,2019
961,SVN,Slovenia,"Gross domestic product per capita, constant prices",Purchasing power parity; 2017 international dollar,Units,"See notes for:  Gross domestic product, constant prices (National currency) Population (Persons).","38,151.16","39,064.49","36,429.80",2019
961,SVN,Slovenia,Population,Persons,Millions,Source: National Statistics Office Latest actual data: 2019 Primary domestic currency: Euro Data last updated: 09/2020,2.067,2.068,2.069,2019
813,SLB,Solomon Islands,"Gross domestic product per capita, constant prices",Purchasing power parity; 2017 international dollar,Units,"See notes for:  Gross domestic product, constant prices (National currency) Population (Persons).","2,510.02","2,485.29","2,310.38",2015
813,SLB,Solomon Islands,Population,Persons,Millions,"Source: National Statistics Office. For data prior to 1990, the source is IMF staff estimates. Latest actual data: 2015 Primary domestic currency: Solomon Islands dollar Data last updated: 09/2020",0.627,0.641,0.655,2015
726,SOM,Somalia,"Gross domestic product per capita, constant prices",Purchasing power parity; 2017 international dollar,Units,,,,,
726,SOM,Somalia,Population,Persons,Millions,,,,,
199,ZAF,South Africa,"Gross domestic product per capita, constant prices",Purchasing power parity; 2017 international dollar,Units,"See notes for:  Gross domestic product, constant prices (National currency) Population (Persons).","12,596.00","12,435.79","11,269.06",2019
199,ZAF,South Africa,Population,Persons,Millions,"Source: IFS until 2000, then National Statistics Office from 2002. Latest actual data: 2019 Primary domestic currency: South African rand Data last updated: 09/2020",57.939,58.775,59.671,2019
733,SSD,South Sudan,"Gross domestic product per capita, constant prices",Purchasing power parity; 2017 international dollar,Units,"See notes for:  Gross domestic product, constant prices (National currency) Population (Persons).",845.389,827.106,836.027,2008
733,SSD,South Sudan,Population,Persons,Millions,Source: Population Census 2008 Latest actual data: 2008 Primary domestic currency: South Sudanese pound Data last updated: 09/2020,12.976,13.378,13.779,2008
184,ESP,Spain,"Gross domestic product per capita, constant prices",Purchasing power parity; 2017 international dollar,Units,"See notes for:  Gross domestic product, constant prices (National currency) Population (Persons).","40,632.49","41,402.61","36,086.10",2019
184,ESP,Spain,Population,Persons,Millions,Source: National Statistics Office Latest actual data: 2019 Notes: There is a break in series starting 2002 Primary domestic currency: Euro Data last updated: 09/2020,46.449,46.486,46.492,2019
524,LKA,Sri Lanka,"Gross domestic product per capita, constant prices",Purchasing power parity; 2017 international dollar,Units,"See notes for:  Gross domestic product, constant prices (National currency) Population (Persons).","12,864.61","13,078.10","12,406.39",2019
524,LKA,Sri Lanka,Population,Persons,Millions,Source: National Statistics Office. Department of Census and Statistics Latest actual data: 2019 Primary domestic currency: Sri Lanka rupee Data last updated: 09/2020,21.67,21.803,21.937,2019
361,KNA,St. Kitts and Nevis,"Gross domestic product per capita, constant prices",Purchasing power parity; 2017 international dollar,Units,"See notes for:  Gross domestic product, constant prices (National currency) Population (Persons).","24,267.29","24,704.66","19,894.00",2015
361,KNA,St. Kitts and Nevis,Population,Persons,Millions,Source: United Nations Latest actual data: 2015 Primary domestic currency: Eastern Caribbean dollar Data last updated: 09/2020,0.056,0.057,0.057,2015
362,LCA,St. Lucia,"Gross domestic product per capita, constant prices",Purchasing power parity; 2017 international dollar,Units,"See notes for:  Gross domestic product, constant prices (National currency) Population (Persons).","15,534.17","15,703.80","12,968.59",2015
362,LCA,St. Lucia,Population,Persons,Millions,Source: United Nations Latest actual data: 2015 Primary domestic currency: Eastern Caribbean dollar Data last updated: 07/2020,0.179,0.18,0.181,2015
364,VCT,St. Vincent and the Grenadines,"Gross domestic product per capita, constant prices",Purchasing power parity; 2017 international dollar,Units,"See notes for:  Gross domestic product, constant prices (National currency) Population (Persons).","12,453.27","12,490.55","11,606.01",2016
364,VCT,St. Vincent and the Grenadines,Population,Persons,Millions,Source: National Statistics Office Latest actual data: 2016 Primary domestic currency: Eastern Caribbean dollar Data last updated: 09/2020,0.11,0.11,0.111,2016
732,SDN,Sudan,"Gross domestic product per capita, constant prices",Purchasing power parity; 2017 international dollar,Units,"See notes for:  Gross domestic product, constant prices (National currency) Population (Persons).","4,195.14","3,972.30","3,547.18",2011
732,SDN,Sudan,Population,Persons,Millions,"Source: United Nations Population Division of Department of Economic and Social Affairs, World Bank, and Central Bureau of Statistics, Sudan . Latest actual data: 2011 Primary domestic currency: Sudanese pound Data last updated: 09/2020",41.985,43.222,44.345,2011
366,SUR,Suriname,"Gross domestic product per capita, constant prices",Purchasing power parity; 2017 international dollar,Units,"See notes for:  Gross domestic product, constant prices (National currency) Population (Persons).","16,236.92","16,087.42","13,817.38",2016
366,SUR,Suriname,Population,Persons,Millions,Source: National Statistics Office. Data published by the Central Bank of Suriname (Table 23). Latest actual data: 2016. Estimated mid-year population Notes: As published by the Central Bank of Suriname Primary domestic currency: Surinamese dollar Data last updated: 09/2020,0.59,0.597,0.604,2016
144,SWE,Sweden,"Gross domestic product per capita, constant prices",Purchasing power parity; 2017 international dollar,Units,"See notes for:  Gross domestic product, constant prices (National currency) Population (Persons).","52,860.89","53,022.61","49,646.44",2019
144,SWE,Sweden,Population,Persons,Millions,Source: National Statistics Office. National Statistics Office Latest actual data: 2019 Primary domestic currency: Swedish krona Data last updated: 09/2020,10.23,10.328,10.51,2019
146,CHE,Switzerland,"Gross domestic product per capita, constant prices",Purchasing power parity; 2017 international dollar,Units,"See notes for:  Gross domestic product, constant prices (National currency) Population (Persons).","68,725.49","69,086.32","64,654.10",2019
146,CHE,Switzerland,Population,Persons,Millions,Source: National Statistics Office Latest actual data: 2019 Primary domestic currency: Swiss franc Data last updated: 09/2020,8.484,8.545,8.647,2019
463,SYR,Syria,"Gross domestic product per capita, constant prices",Purchasing power parity; 2017 international dollar,Units,,,,,
463,SYR,Syria,Population,Persons,Millions,Source: National Statistics Office Latest actual data: 2010 Primary domestic currency: Syrian pound Data last updated: 08/2015,n/a,n/a,n/a,2010
528,TWN,Taiwan Province of China,"Gross domestic product per capita, constant prices",Purchasing power parity; 2017 international dollar,Units,"See notes for:  Gross domestic product, constant prices (National currency) Population (Persons).","49,794.91","51,112.95","51,106.56",2019
528,TWN,Taiwan Province of China,Population,Persons,Millions,Source: CEIC Latest actual data: 2019 Primary domestic currency: New Taiwan dollar Data last updated: 09/2020,23.589,23.603,23.617,2019
923,TJK,Tajikistan,"Gross domestic product per capita, constant prices",Purchasing power parity; 2017 international dollar,Units,"See notes for:  Gross domestic product, constant prices (National currency) Population (Persons).","3,226.93","3,399.97","3,367.56",2014
923,TJK,Tajikistan,Population,Persons,Millions,Source: International Financial Institution Latest actual data: 2014 Primary domestic currency: Tajik somoni Data last updated: 09/2020,9.107,9.292,9.475,2014
738,TZA,Tanzania,"Gross domestic product per capita, constant prices",Purchasing power parity; 2017 international dollar,Units,"See notes for:  Gross domestic product, constant prices (National currency) Population (Persons).","2,624.35","2,725.39","2,696.89",2012
738,TZA,Tanzania,Population,Persons,Millions,Source: National Statistics Office Latest actual data: 2012 Primary domestic currency: Tanzania shilling Data last updated: 09/2020,54.68,56.322,58.001,2012
578,THA,Thailand,"Gross domestic product per capita, constant prices",Purchasing power parity; 2017 international dollar,Units,"See notes for:  Gross domestic product, constant prices (National currency) Population (Persons).","18,086.53","18,460.00","17,098.17",2018
578,THA,Thailand,Population,Persons,Millions,"Source: National Statistics Office. Labour Force Survey, downloaded from CEIC Latest actual data: 2018 Primary domestic currency: Thai baht Data last updated: 09/2020",69.428,69.626,69.8,2018
537,TLS,Timor-Leste,"Gross domestic product per capita, constant prices",Purchasing power parity; 2017 international dollar,Units,"See notes for:  Gross domestic product, constant prices (National currency) Population (Persons).","3,079.89","3,113.62","3,814.07",2018
537,TLS,Timor-Leste,Population,Persons,Millions,Source: National Statistics Office Latest actual data: 2018. Population and Housing Census 2015 Preliminary Results Primary domestic currency: U.S. dollar Data last updated: 09/2020,1.268,1.293,1.318,2018
742,TGO,Togo,"Gross domestic product per capita, constant prices",Purchasing power parity; 2017 international dollar,Units,"See notes for:  Gross domestic product, constant prices (National currency) Population (Persons).","1,546.93","1,589.56","1,551.15",2016
742,TGO,Togo,Population,Persons,Millions,Source: International Financial Institution Latest actual data: 2018 Primary domestic currency: CFA franc Data last updated: 08/2020,7.889,8.084,8.285,2018
866,TON,Tonga,"Gross domestic product per capita, constant prices",Purchasing power parity; 2017 international dollar,Units,"See notes for:  Gross domestic product, constant prices (National currency) Population (Persons).","5,838.66","5,888.78","5,746.48",2019
866,TON,Tonga,Population,Persons,Millions,"Source: Central Bank. National Reserve Bank of Tonga Latest actual data: 2018/19 Notes: Prior to 1995, the data are in fiscal year (FY) reporting basis converted to calendar year by averaging two FYs (e.g. 1990 is the average of 1989/90 and 1990/91), and are further adjusted to produce a smooth series with the use of a splicing technique. These estimates continue to serve as proxies for historical series when complete information is unavailable. Primary domestic currency: Tongan pa anga Data last updated: 09/2020",0.1,0.1,0.1,2019
369,TTO,Trinidad and Tobago,"Gross domestic product per capita, constant prices",Purchasing power parity; 2017 international dollar,Units,"See notes for:  Gross domestic product, constant prices (National currency) Population (Persons).","26,273.22","26,176.07","24,564.12",2018
369,TTO,Trinidad and Tobago,Population,Persons,Millions,Source: International Financial Institution Latest actual data: 2018 Primary domestic currency: Trinidad and Tobago dollar Data last updated: 07/2020,1.39,1.395,1.403,2018
744,TUN,Tunisia,"Gross domestic product per capita, constant prices",Purchasing power parity; 2017 international dollar,Units,"See notes for:  Gross domestic product, constant prices (National currency) Population (Persons).","10,682.34","10,673.58","9,821.78",2019
744,TUN,Tunisia,Population,Persons,Millions,Source: National Statistics Office Latest actual data: 2019 Primary domestic currency: Tunisian dinar Data last updated: 08/2020,11.659,11.783,11.903,2019
186,TUR,Turkey,"Gross domestic product per capita, constant prices",Purchasing power parity; 2017 international dollar,Units,"See notes for:  Gross domestic product, constant prices (National currency) Population (Persons).","28,655.15","28,517.51","26,767.71",2019
186,TUR,Turkey,Population,Persons,Millions,"Source: Haver Analytics. Formally, the Turkish Statistical Institute (TurkStat) Latest actual data: 2019 Primary domestic currency: Turkish lira Data last updated: 09/2020",82.004,83.155,84.174,2019
925,TKM,Turkmenistan,"Gross domestic product per capita, constant prices",Purchasing power parity; 2017 international dollar,Units,"See notes for:  Gross domestic product, constant prices (National currency) Population (Persons).","15,047.76","15,765.55","15,809.78",2004
925,TKM,Turkmenistan,Population,Persons,Millions,Source: Turkmenistan authorities. Latest actual data: 2004 Notes: Data prior to 2009 cannot be confirmed by national sources at this time. Primary domestic currency: New Turkmen manat Data last updated: 09/2020,5.77,5.856,5.944,2004
869,TUV,Tuvalu,"Gross domestic product per capita, constant prices",Purchasing power parity; 2017 international dollar,Units,"See notes for:  Gross domestic product, constant prices (National currency) Population (Persons).","4,050.67","4,277.03","4,238.41",2012
869,TUV,Tuvalu,Population,Persons,Millions,Source: Central Statistical Directorate Latest actual data: 2012 Primary domestic currency: Australian dollar Data last updated: 09/2020,0.011,0.011,0.011,2012
746,UGA,Uganda,"Gross domestic product per capita, constant prices",Purchasing power parity; 2017 international dollar,Units,"See notes for:  Gross domestic product, constant prices (National currency) Population (Persons).","2,441.85","2,539.05","2,445.80",2016
746,UGA,Uganda,Population,Persons,Millions,Source: National Statistics Office Latest actual data: 2016 Primary domestic currency: Uganda shilling Data last updated: 09/2020,38.823,39.823,41.222,2016
926,UKR,Ukraine,"Gross domestic product per capita, constant prices",Purchasing power parity; 2017 international dollar,Units,"See notes for:  Gross domestic product, constant prices (National currency) Population (Persons).","12,418.11","12,896.69","12,024.90",2019
926,UKR,Ukraine,Population,Persons,Millions,"Source: Haver Analytics. Formally, the State Statistics Committee of Ukraine Latest actual data: 2019. Starting in 2014, data excludes Crimea and Sevastopol.  2013 data excludes Crimea and Sevastopol for comparison purposes with 2014 data. Primary domestic currency: Ukrainian hryvnia Data last updated: 09/2020",41.984,41.733,41.536,2019
466,ARE,United Arab Emirates,"Gross domestic product per capita, constant prices",Purchasing power parity; 2017 international dollar,Units,"See notes for:  Gross domestic product, constant prices (National currency) Population (Persons).","61,835.74","61,009.67","55,312.90",2005
466,ARE,United Arab Emirates,Population,Persons,Millions,Source: National Statistics Office Latest actual data: 2005 Primary domestic currency: U.A.E. dirham Data last updated: 09/2020,10.43,10.749,11.077,2005
112,GBR,United Kingdom,"Gross domestic product per capita, constant prices",Purchasing power parity; 2017 international dollar,Units,"See notes for:  Gross domestic product, constant prices (National currency) Population (Persons).","46,326.74","46,750.31","41,899.45",2019
112,GBR,United Kingdom,Population,Persons,Millions,Source: National Statistics Office Latest actual data: 2019 Primary domestic currency: Pound sterling Data last updated: 09/2020,66.436,66.797,67.255,2019
111,USA,United States,"Gross domestic product per capita, constant prices",Purchasing power parity; 2017 international dollar,Units,"See notes for:  Gross domestic product, constant prices (National currency) Population (Persons).","61,577.52","62,605.88","59,651.00",2019
111,USA,United States,Population,Persons,Millions,Source: National Statistics Office Latest actual data: 2019 Primary domestic currency: U.S. dollar Data last updated: 09/2020,326.882,328.461,330.005,2019
298,URY,Uruguay,"Gross domestic product per capita, constant prices",Purchasing power parity; 2017 international dollar,Units,"See notes for:  Gross domestic product, constant prices (National currency) Population (Persons).","21,241.75","21,212.89","20,187.40",2015
298,URY,Uruguay,Population,Persons,Millions,Source: National Statistics Office. And World Bank World Development Indicators. Latest actual data: 2015 Primary domestic currency: Uruguayan peso Data last updated: 09/2020,3.506,3.519,3.531,2015
927,UZB,Uzbekistan,"Gross domestic product per capita, constant prices",Purchasing power parity; 2017 international dollar,Units,"See notes for:  Gross domestic product, constant prices (National currency) Population (Persons).","6,817.42","7,067.13","6,980.11",2019
927,UZB,Uzbekistan,Population,Persons,Millions,Source: National Statistics Office Latest actual data: 2019. Latest data is for 2019 Q4 Primary domestic currency: Uzbek som Data last updated: 09/2020,32.657,33.256,33.906,2019
846,VUT,Vanuatu,"Gross domestic product per capita, constant prices",Purchasing power parity; 2017 international dollar,Units,"See notes for:  Gross domestic product, constant prices (National currency) Population (Persons).","2,780.80","2,801.23","2,506.18",2017
846,VUT,Vanuatu,Population,Persons,Millions,Source: National Statistics Office Latest actual data: 2017 Primary domestic currency: Vanuatu vatu Data last updated: 09/2020,0.286,0.293,0.3,2017
299,VEN,Venezuela,"Gross domestic product per capita, constant prices",Purchasing power parity; 2017 international dollar,Units,"See notes for:  Gross domestic product, constant prices (National currency) Population (Persons).","10,432.71","7,046.10","5,259.27",2010
299,VEN,Venezuela,Population,Persons,Millions,Source: Ministry of Economy and/or Planning Latest actual data: 2010 Primary domestic currency: Venezuelan bolívar soberano Data last updated: 09/2020,28.903,27.817,27.951,2010
582,VNM,Vietnam,"Gross domestic product per capita, constant prices",Purchasing power parity; 2017 international dollar,Units,"See notes for:  Gross domestic product, constant prices (National currency) Population (Persons).","9,537.64","10,110.00","10,174.53",2019
582,VNM,Vietnam,Population,Persons,Millions,Source: National Statistics Office Latest actual data: 2019 Primary domestic currency: Vietnamese dong Data last updated: 09/2020,95.546,96.462,97.384,2019
487,WBG,West Bank and Gaza,"Gross domestic product per capita, constant prices",Purchasing power parity; 2017 international dollar,Units,"See notes for:  Gross domestic product, constant prices (National currency) Population (Persons).","5,943.35","5,851.87","5,029.64",2019
487,WBG,West Bank and Gaza,Population,Persons,Millions,Source: National Statistics Office Latest actual data: 2019 Primary domestic currency: Israeli New Shekel Data last updated: 09/2020,4.854,4.977,5.097,2019
474,YEM,Yemen,"Gross domestic product per capita, constant prices",Purchasing power parity; 2017 international dollar,Units,"See notes for:  Gross domestic product, constant prices (National currency) Population (Persons).","1,984.74","1,973.14","1,826.98",2019
474,YEM,Yemen,Population,Persons,Millions,Source: IMF Staff Estimates Latest actual data: 2019 Primary domestic currency: Yemeni rial Data last updated: 09/2020,30.816,31.648,32.471,2019
754,ZMB,Zambia,"Gross domestic product per capita, constant prices",Purchasing power parity; 2017 international dollar,Units,"See notes for:  Gross domestic product, constant prices (National currency) Population (Persons).","3,438.08","3,383.33","3,124.20",2018
754,ZMB,Zambia,Population,Persons,Millions,Source: International Financial Institution Latest actual data: 2018 Primary domestic currency: Zambian kwacha Data last updated: 08/2020,17.773,18.321,18.882,2018
698,ZWE,Zimbabwe,"Gross domestic product per capita, constant prices",Purchasing power parity; 2017 international dollar,Units,"See notes for:  Gross domestic product, constant prices (National currency) Population (Persons).","3,026.65","2,778.62","2,443.71",2017
698,ZWE,Zimbabwe,Population,Persons,Millions,"Source: National Statistics Office Latest actual data: 2017 Notes: From 2001, data are unreliable. Primary domestic currency: Zimbabwe Dollar Data last updated: 08/2020",14.642,14.905,15.189,2017
,,,,,,,,,,
"International Monetary Fund, World Economic Outlook Database, October 2020",,,,,,,,,,
